score,tier,actual,predicted
0.03585383080162264,LEGITIMATE,0,0
0.08011600664958973,LEGITIMATE,0,0
0.09441583970125828,LEGITIMATE,0,0
0.1513800588836457,LEGITIMATE,0,0
0.1199878468740826,LEGITIMATE,0,0
0.1262584453071794,LEGITIMATE,0,0
0.06557517365995393,LEGITIMATE,0,0
0.12192185962481135,LEGITIMATE,0,0
0.05853131998726368,LEGITIMATE,0,0
0.06440623367370757,LEGITIMATE,0,0
0.1276145541919899,LEGITIMATE,0,0
0.14107346278704108,LEGITIMATE,0,0
0.06699660021563544,LEGITIMATE,0,0
0.15345850329933441,LEGITIMATE,0,0
0.053752884197570426,LEGITIMATE,0,0
0.0872709689661048,LEGITIMATE,0,0
0.04544142948555988,LEGITIMATE,0,0
0.10597920818419791,LEGITIMATE,0,0
0.09164167620482198,LEGITIMATE,0,0
0.1121544719165195,LEGITIMATE,0,0
0.16399435258004097,LEGITIMATE,0,0
0.10131195472095204,LEGITIMATE,0,0
0.09321021927554256,LEGITIMATE,0,0
0.08953620345872829,LEGITIMATE,0,0
0.06788619309970982,LEGITIMATE,0,0
0.07630903504659474,LEGITIMATE,0,0
0.03092037550902926,LEGITIMATE,0,0
0.10596548594012967,LEGITIMATE,0,0
0.13547510583596067,LEGITIMATE,0,0
0.12464522559390484,LEGITIMATE,0,0
0.08197378959937489,LEGITIMATE,0,0
0.10560837457531488,LEGITIMATE,0,0
0.04751374676337912,LEGITIMATE,0,0
0.07651817856806938,LEGITIMATE,0,0
0.04883764962413347,LEGITIMATE,0,0
0.049592941476839326,LEGITIMATE,0,0
0.18740847264556953,LEGITIMATE,0,0
0.11458864666122469,LEGITIMATE,0,0
0.12245454886159014,LEGITIMATE,0,0
0.10875878320474673,LEGITIMATE,0,0
0.13095240979013784,LEGITIMATE,0,0
0.15393248308336424,LEGITIMATE,0,0
0.07123087563029051,LEGITIMATE,0,0
0.08452748850275692,LEGITIMATE,0,0
0.01937209460420269,LEGITIMATE,0,0
0.08249070345707343,LEGITIMATE,0,0
0.076555684739302,LEGITIMATE,0,0
0.182519108993738,LEGITIMATE,0,0
0.17163559926106162,LEGITIMATE,0,0
0.16302136140376522,LEGITIMATE,0,0
0.028166615487976165,LEGITIMATE,0,0
0.10470698952260658,LEGITIMATE,0,0
0.02270933602433994,LEGITIMATE,0,0
0.0678051314587326,LEGITIMATE,0,0
0.13203319095927887,LEGITIMATE,0,0
0.17958657698447336,LEGITIMATE,0,0
0.028732754975625295,LEGITIMATE,0,0
0.11438965594655777,LEGITIMATE,0,0
0.13283466690967877,LEGITIMATE,0,0
0.05259504179220328,LEGITIMATE,0,0
0.15632170871120762,LEGITIMATE,0,0
0.0774270876242728,LEGITIMATE,0,0
0.05591254291455862,LEGITIMATE,0,0
0.015596969445082473,LEGITIMATE,0,0
0.05304417214231573,LEGITIMATE,0,0
0.08249331109616863,LEGITIMATE,0,0
0.07641778626499075,LEGITIMATE,0,0
0.040857077964915,LEGITIMATE,0,0
0.08732753123396168,LEGITIMATE,0,0
0.08544735802647947,LEGITIMATE,0,0
0.04497847392728572,LEGITIMATE,0,0
0.03543966259644186,LEGITIMATE,0,0
0.1787803638608908,LEGITIMATE,0,0
0.04628348649020757,LEGITIMATE,0,0
0.13020902266534742,LEGITIMATE,0,0
0.05133211414237404,LEGITIMATE,0,0
0.06829261329949239,LEGITIMATE,0,0
0.08596901716792636,LEGITIMATE,0,0
0.0827760598259988,LEGITIMATE,0,0
0.11831718859499771,LEGITIMATE,0,0
0.07013920398114602,LEGITIMATE,0,0
0.15935989560058214,LEGITIMATE,0,0
0.11027821750456424,LEGITIMATE,0,0
0.10981202717553194,LEGITIMATE,0,0
0.04936894516940002,LEGITIMATE,0,0
0.06673591492050625,LEGITIMATE,0,0
0.06156315673334095,LEGITIMATE,0,0
0.12545444663442462,LEGITIMATE,0,0
0.044725335957918715,LEGITIMATE,0,0
0.04698278832652187,LEGITIMATE,0,0
0.15669918101716035,LEGITIMATE,0,0
0.058676000751548725,LEGITIMATE,0,0
0.04032780911675266,LEGITIMATE,0,0
0.02738742705988576,LEGITIMATE,0,0
0.154125983070296,LEGITIMATE,0,0
0.055653553122352276,LEGITIMATE,0,0
0.0880900952109375,LEGITIMATE,0,0
0.056734731841906534,LEGITIMATE,0,0
0.8466640648805882,HIGH RISK,1,1
0.07672974441191786,LEGITIMATE,0,0
0.08810089917330587,LEGITIMATE,0,0
0.09063087230693227,LEGITIMATE,0,0
0.08703619905231542,LEGITIMATE,0,0
0.06192883663827211,LEGITIMATE,0,0
0.07942201743634743,LEGITIMATE,0,0
0.036075203865015275,LEGITIMATE,0,0
0.09956339248889959,LEGITIMATE,0,0
0.07456113038747042,LEGITIMATE,0,0
0.08200766438654519,LEGITIMATE,0,0
0.13135736484117075,LEGITIMATE,0,0
0.07347448335813077,LEGITIMATE,0,0
0.0815579654650375,LEGITIMATE,0,0
0.07352460074334921,LEGITIMATE,0,0
0.0745175327146697,LEGITIMATE,0,0
0.06537306076482488,LEGITIMATE,0,0
0.05875098418531347,LEGITIMATE,0,0
0.02795222051629843,LEGITIMATE,0,0
0.083530572220459,LEGITIMATE,0,0
0.08942979337531125,LEGITIMATE,0,0
0.13691213765597546,LEGITIMATE,0,0
0.05354477377267538,LEGITIMATE,0,0
0.06992974085575464,LEGITIMATE,0,0
0.10392958823272964,LEGITIMATE,0,0
0.04816382619336726,LEGITIMATE,0,0
0.09972160240265626,LEGITIMATE,0,0
0.1296504067063081,LEGITIMATE,0,0
0.17087086253159484,LEGITIMATE,0,0
0.09865692988079923,LEGITIMATE,0,0
0.017268503564610474,LEGITIMATE,0,0
0.0709800034942979,LEGITIMATE,0,0
0.15381822620883515,LEGITIMATE,0,0
0.1475742859164863,LEGITIMATE,0,0
0.25394854290205704,LEGITIMATE,0,0
0.10775012163238369,LEGITIMATE,0,0
0.0506067775689648,LEGITIMATE,0,0
0.059360499071655165,LEGITIMATE,0,0
0.10912887398013368,LEGITIMATE,0,0
0.14566335802192626,LEGITIMATE,0,0
0.09109535940228333,LEGITIMATE,0,0
0.06743919408092991,LEGITIMATE,0,0
0.07827068316624301,LEGITIMATE,0,0
0.023074374409371212,LEGITIMATE,0,0
0.17946208813455053,LEGITIMATE,0,0
0.0512187727037644,LEGITIMATE,0,0
0.032186636109147564,LEGITIMATE,0,0
0.1327249482732762,LEGITIMATE,0,0
0.13876638125979143,LEGITIMATE,0,0
0.10970558497361727,LEGITIMATE,0,0
0.20536157826506085,LEGITIMATE,0,0
0.0632846221285175,LEGITIMATE,0,0
0.07466954625643345,LEGITIMATE,0,0
0.0752299380332288,LEGITIMATE,0,0
0.11798126758027769,LEGITIMATE,0,0
0.14091443182732902,LEGITIMATE,0,0
0.06070039591126957,LEGITIMATE,0,0
0.04627199970420524,LEGITIMATE,0,0
0.06514273464581011,LEGITIMATE,0,0
0.06805337746863879,LEGITIMATE,0,0
0.06677508643095813,LEGITIMATE,0,0
0.08828643060801566,LEGITIMATE,0,0
0.05317436376431715,LEGITIMATE,0,0
0.08311984994464897,LEGITIMATE,0,0
0.08812919532429683,LEGITIMATE,0,0
0.12133875831556862,LEGITIMATE,0,0
0.06285835389430977,LEGITIMATE,0,0
0.07018161308872162,LEGITIMATE,0,0
0.12999956820904984,LEGITIMATE,0,0
0.07092968984508598,LEGITIMATE,0,0
0.056326295350736556,LEGITIMATE,0,0
0.10269913689992934,LEGITIMATE,0,0
0.12030960425864975,LEGITIMATE,0,0
0.06334619645119223,LEGITIMATE,0,0
0.061785987370646646,LEGITIMATE,0,0
0.13353644161007014,LEGITIMATE,0,0
0.05414235582385217,LEGITIMATE,0,0
0.042712964676972935,LEGITIMATE,0,0
0.07243316755165301,LEGITIMATE,0,0
0.10719885004000625,LEGITIMATE,0,0
0.08420995838630466,LEGITIMATE,0,0
0.06555338237707113,LEGITIMATE,0,0
0.09571106907154384,LEGITIMATE,0,0
0.11303953271150799,LEGITIMATE,0,0
0.06982401696307787,LEGITIMATE,0,0
0.03669551314002685,LEGITIMATE,0,0
0.04577166482660929,LEGITIMATE,0,0
0.1296971802374041,LEGITIMATE,0,0
0.11361420796379212,LEGITIMATE,0,0
0.07654134691346054,LEGITIMATE,0,0
0.046671821711614325,LEGITIMATE,0,0
0.029947551417672018,LEGITIMATE,0,0
0.15634166566796165,LEGITIMATE,0,0
0.10279456064605919,LEGITIMATE,0,0
0.10390090618443085,LEGITIMATE,0,0
0.1151563794070253,LEGITIMATE,0,0
0.12492618884885864,LEGITIMATE,0,0
0.08737627858356894,LEGITIMATE,0,0
0.04401248140854012,LEGITIMATE,0,0
0.1105204662298002,LEGITIMATE,0,0
0.10612458129764729,LEGITIMATE,0,0
0.08668668902914645,LEGITIMATE,0,0
0.046595208249711265,LEGITIMATE,0,0
0.07612778228620139,LEGITIMATE,0,0
0.12833679040447574,LEGITIMATE,0,0
0.05131397522752164,LEGITIMATE,0,0
0.09861662110808561,LEGITIMATE,0,0
0.0896940581347323,LEGITIMATE,0,0
0.13359334943210674,LEGITIMATE,0,0
0.17607989873011867,LEGITIMATE,0,0
0.07601071894164257,LEGITIMATE,0,0
0.1495662681979827,LEGITIMATE,0,0
0.14018034492434658,LEGITIMATE,0,0
0.05821289245295308,LEGITIMATE,0,0
0.028869344049877274,LEGITIMATE,0,0
0.13454340738344608,LEGITIMATE,0,0
0.03405757296432245,LEGITIMATE,0,0
0.060304225218899866,LEGITIMATE,0,0
0.10601518142247628,LEGITIMATE,0,0
0.033728568314710446,LEGITIMATE,0,0
0.08670320065947316,LEGITIMATE,0,0
0.035960026889585536,LEGITIMATE,0,0
0.08496348071785761,LEGITIMATE,0,0
0.21288430104630363,LEGITIMATE,0,0
0.026081146777119008,LEGITIMATE,0,0
0.034870227621798935,LEGITIMATE,0,0
0.1326147964672538,LEGITIMATE,0,0
0.13623187983214774,LEGITIMATE,0,0
0.08082361575629408,LEGITIMATE,0,0
0.09040217501276153,LEGITIMATE,0,0
0.06055179855689005,LEGITIMATE,0,0
0.051668632756955844,LEGITIMATE,0,0
0.10749862210718296,LEGITIMATE,0,0
0.22067631086654688,LEGITIMATE,0,0
0.05768871815647882,LEGITIMATE,0,0
0.10792409297818306,LEGITIMATE,0,0
0.13224533498783853,LEGITIMATE,0,0
0.09137984712604003,LEGITIMATE,0,0
0.05784793134499895,LEGITIMATE,0,0
0.07703128736167654,LEGITIMATE,0,0
0.05924738677827536,LEGITIMATE,0,0
0.07652760642066216,LEGITIMATE,0,0
0.15768986502087112,LEGITIMATE,0,0
0.07061958119209902,LEGITIMATE,0,0
0.02977496159169168,LEGITIMATE,0,0
0.12231908968201335,LEGITIMATE,0,0
0.09569363958165264,LEGITIMATE,0,0
0.05543191421571161,LEGITIMATE,0,0
0.11188724921832444,LEGITIMATE,0,0
0.08185213255706564,LEGITIMATE,0,0
0.05089586083891021,LEGITIMATE,0,0
0.07185873587843945,LEGITIMATE,0,0
0.10925285636388235,LEGITIMATE,0,0
0.07416373074593706,LEGITIMATE,0,0
0.10133021615884222,LEGITIMATE,0,0
0.09633493577448357,LEGITIMATE,0,0
0.10755093497700265,LEGITIMATE,0,0
0.0638588888322164,LEGITIMATE,0,0
0.03298611726119776,LEGITIMATE,0,0
0.021964288386927922,LEGITIMATE,0,0
0.09194493214323149,LEGITIMATE,0,0
0.04152106575589017,LEGITIMATE,0,0
0.12588707969342047,LEGITIMATE,0,0
0.10789642557824962,LEGITIMATE,0,0
0.08657949655392737,LEGITIMATE,0,0
0.055496005924674616,LEGITIMATE,0,0
0.04034582237260436,LEGITIMATE,0,0
0.12085758159699278,LEGITIMATE,0,0
0.030694632848505207,LEGITIMATE,0,0
0.12345863122805749,LEGITIMATE,0,0
0.15901428714510887,LEGITIMATE,0,0
0.022252464123966642,LEGITIMATE,0,0
0.15601833610302884,LEGITIMATE,0,0
0.055591728671070005,LEGITIMATE,0,0
0.03572442631133913,LEGITIMATE,0,0
0.06628801190526548,LEGITIMATE,0,0
0.06110555789610258,LEGITIMATE,0,0
0.07476963087808489,LEGITIMATE,0,0
0.11994288543030464,LEGITIMATE,0,0
0.08358002030493093,LEGITIMATE,0,0
0.8799609175683004,HIGH RISK,1,1
0.07995262855491266,LEGITIMATE,0,0
0.06443907116652885,LEGITIMATE,0,0
0.06737515861413233,LEGITIMATE,0,0
0.09515268276130305,LEGITIMATE,0,0
0.03199027870024663,LEGITIMATE,0,0
0.0396155525322294,LEGITIMATE,0,0
0.1540119676135678,LEGITIMATE,0,0
0.09049532193786827,LEGITIMATE,0,0
0.020111406859389107,LEGITIMATE,0,0
0.056611110520825285,LEGITIMATE,0,0
0.0436272194669035,LEGITIMATE,0,0
0.09441199942987406,LEGITIMATE,0,0
0.05557316864011732,LEGITIMATE,0,0
0.07411786980888176,LEGITIMATE,0,0
0.10289601422823912,LEGITIMATE,0,0
0.07813589279058276,LEGITIMATE,0,0
0.022170837607770437,LEGITIMATE,0,0
0.07103083367360037,LEGITIMATE,0,0
0.01292778770137867,LEGITIMATE,0,0
0.0603567192885585,LEGITIMATE,0,0
0.06397525725842018,LEGITIMATE,0,0
0.10931253730626904,LEGITIMATE,0,0
0.07883265816917366,LEGITIMATE,0,0
0.10542778380422464,LEGITIMATE,0,0
0.21655994622507022,LEGITIMATE,0,0
0.18369186870029028,LEGITIMATE,0,0
0.09957759326726215,LEGITIMATE,0,0
0.04592394483793205,LEGITIMATE,0,0
0.10063698614779777,LEGITIMATE,0,0
0.07465481786186307,LEGITIMATE,0,0
0.049112600863278746,LEGITIMATE,0,0
0.032033869379896135,LEGITIMATE,0,0
0.08731239798504342,LEGITIMATE,0,0
0.13159181974441245,LEGITIMATE,0,0
0.14715424583766298,LEGITIMATE,0,0
0.13272675912442436,LEGITIMATE,0,0
0.08403785880994093,LEGITIMATE,0,0
0.06959274803338938,LEGITIMATE,0,0
0.05221920635239847,LEGITIMATE,0,0
0.0986886652334618,LEGITIMATE,0,0
0.054316800868337144,LEGITIMATE,0,0
0.10968562268768145,LEGITIMATE,0,0
0.08344192347947266,LEGITIMATE,0,0
0.07735721232815647,LEGITIMATE,0,0
0.037113869442957734,LEGITIMATE,0,0
0.08947479178819136,LEGITIMATE,0,0
0.046097317145531516,LEGITIMATE,0,0
0.07496514493986838,LEGITIMATE,0,0
0.05011013855433464,LEGITIMATE,0,0
0.021000217980907433,LEGITIMATE,0,0
0.12161043192601201,LEGITIMATE,0,0
0.08849615409286335,LEGITIMATE,0,0
0.07609246456428431,LEGITIMATE,0,0
0.0740847802563535,LEGITIMATE,0,0
0.10039971745423312,LEGITIMATE,0,0
0.15002384341273953,LEGITIMATE,0,0
0.09377320136248066,LEGITIMATE,0,0
0.20432099050442776,LEGITIMATE,0,0
0.07850887398928902,LEGITIMATE,0,0
0.7119877419186942,MEDIUM RISK,0,0
0.0909404703597961,LEGITIMATE,0,0
0.10213364140513463,LEGITIMATE,0,0
0.056348315634898075,LEGITIMATE,0,0
0.09150587170142337,LEGITIMATE,0,0
0.10441849177784251,LEGITIMATE,0,0
0.09747129103488646,LEGITIMATE,0,0
0.051896228526655534,LEGITIMATE,0,0
0.07793957455549236,LEGITIMATE,0,0
0.058429593014495435,LEGITIMATE,0,0
0.07758296163510527,LEGITIMATE,0,0
0.1741787810017458,LEGITIMATE,0,0
0.09827320017885412,LEGITIMATE,0,0
0.07379033988029658,LEGITIMATE,0,0
0.16565906918566944,LEGITIMATE,0,0
0.08023991736302973,LEGITIMATE,0,0
0.15035160545610618,LEGITIMATE,0,0
0.05891555970741602,LEGITIMATE,0,0
0.09859877659891937,LEGITIMATE,0,0
0.016829811411675888,LEGITIMATE,0,0
0.08629916449881152,LEGITIMATE,0,0
0.047345256518503194,LEGITIMATE,0,0
0.03803036894170948,LEGITIMATE,0,0
0.11217732723646331,LEGITIMATE,0,0
0.08351854651547057,LEGITIMATE,0,0
0.07416464652969706,LEGITIMATE,0,0
0.10159952541672067,LEGITIMATE,0,0
0.14774579007324626,LEGITIMATE,0,0
0.08263833764744771,LEGITIMATE,0,0
0.05133704595472786,LEGITIMATE,0,0
0.06331971013124267,LEGITIMATE,0,0
0.0856925836136849,LEGITIMATE,0,0
0.044154894621404824,LEGITIMATE,0,0
0.04999915948804357,LEGITIMATE,0,0
0.05401844286194381,LEGITIMATE,0,0
0.1719518467584648,LEGITIMATE,0,0
0.12718768084186066,LEGITIMATE,0,0
0.094576468985387,LEGITIMATE,0,0
0.14349438930751837,LEGITIMATE,0,0
0.06655101223273291,LEGITIMATE,0,0
0.0619821266863203,LEGITIMATE,0,0
0.0999359601145391,LEGITIMATE,0,0
0.04815668649779874,LEGITIMATE,0,0
0.09381393375857347,LEGITIMATE,0,0
0.14202323960523136,LEGITIMATE,0,0
0.10683394201932622,LEGITIMATE,0,0
0.07632495644442179,LEGITIMATE,0,0
0.0811448488703689,LEGITIMATE,0,0
0.1495817709832769,LEGITIMATE,0,0
0.10041743853733712,LEGITIMATE,0,0
0.013857003903623665,LEGITIMATE,0,0
0.08463821520443145,LEGITIMATE,0,0
0.06517008983869363,LEGITIMATE,0,0
0.16218230121037,LEGITIMATE,0,0
0.1634932513591113,LEGITIMATE,0,0
0.11182059859754456,LEGITIMATE,0,0
0.08198669614549033,LEGITIMATE,0,0
0.04836422053124322,LEGITIMATE,0,0
0.11417203829301348,LEGITIMATE,0,0
0.038042680445212716,LEGITIMATE,0,0
0.8494539183110226,HIGH RISK,1,1
0.061125135679397535,LEGITIMATE,0,0
0.09122255234080225,LEGITIMATE,0,0
0.05343419365564285,LEGITIMATE,0,0
0.13107716037245076,LEGITIMATE,0,0
0.05212567549726625,LEGITIMATE,0,0
0.10336639844009084,LEGITIMATE,0,0
0.12966114844626156,LEGITIMATE,0,0
0.09525173930570455,LEGITIMATE,0,0
0.20831657202061826,LEGITIMATE,0,0
0.12631956866824973,LEGITIMATE,0,0
0.13188238758571236,LEGITIMATE,0,0
0.08639466224430584,LEGITIMATE,0,0
0.09742939905948388,LEGITIMATE,0,0
0.09872973785711815,LEGITIMATE,0,0
0.09626366472020262,LEGITIMATE,0,0
0.06364896352653841,LEGITIMATE,0,0
0.0853213349850688,LEGITIMATE,0,0
0.03920275708215087,LEGITIMATE,0,0
0.14706129690036582,LEGITIMATE,0,0
0.25115836158323646,LEGITIMATE,0,0
0.10804447007643016,LEGITIMATE,0,0
0.0335714985507454,LEGITIMATE,0,0
0.12048257816408434,LEGITIMATE,0,0
0.18761445156629078,LEGITIMATE,0,0
0.04803153110737061,LEGITIMATE,0,0
0.07804515791943162,LEGITIMATE,0,0
0.09664275205148395,LEGITIMATE,0,0
0.05356803372829257,LEGITIMATE,0,0
0.08927000405332042,LEGITIMATE,0,0
0.07514702256190663,LEGITIMATE,0,0
0.12620822272131382,LEGITIMATE,0,0
0.0865282069872587,LEGITIMATE,0,0
0.12026534300979247,LEGITIMATE,0,0
0.06335304295300181,LEGITIMATE,0,0
0.11209422186213061,LEGITIMATE,0,0
0.14741425266695174,LEGITIMATE,0,0
0.059868027280756186,LEGITIMATE,0,0
0.0818984284544996,LEGITIMATE,0,0
0.9187631697737548,HIGH RISK,1,1
0.09407351534959621,LEGITIMATE,0,0
0.05660166797304034,LEGITIMATE,0,0
0.06235208561996241,LEGITIMATE,0,0
0.015704199519588083,LEGITIMATE,0,0
0.06839958675619363,LEGITIMATE,0,0
0.159246026434713,LEGITIMATE,0,0
0.0731878752920972,LEGITIMATE,0,0
0.11261683111467062,LEGITIMATE,0,0
0.05013221027164533,LEGITIMATE,0,0
0.03758960446407984,LEGITIMATE,0,0
0.09288526668034562,LEGITIMATE,0,0
0.05314008339772978,LEGITIMATE,0,0
0.04425315167969987,LEGITIMATE,0,0
0.11513588728736977,LEGITIMATE,0,0
0.18326776317868412,LEGITIMATE,0,0
0.04486452902815267,LEGITIMATE,0,0
0.04968512035317715,LEGITIMATE,0,0
0.10730240450421778,LEGITIMATE,0,0
0.1038170534027899,LEGITIMATE,0,0
0.04675920651642412,LEGITIMATE,0,0
0.09797918957282566,LEGITIMATE,0,0
0.1630323849632104,LEGITIMATE,0,0
0.12001046501500812,LEGITIMATE,0,0
0.062423471039968405,LEGITIMATE,0,0
0.0781559590785366,LEGITIMATE,0,0
0.05041784966942325,LEGITIMATE,0,0
0.09102674676527162,LEGITIMATE,0,0
0.13350898975191172,LEGITIMATE,0,0
0.11360536250860971,LEGITIMATE,0,0
0.06792663566032447,LEGITIMATE,0,0
0.0722629318562346,LEGITIMATE,0,0
0.053273088478129726,LEGITIMATE,0,0
0.06013589888978811,LEGITIMATE,0,0
0.08004897954734513,LEGITIMATE,0,0
0.2026140257715516,LEGITIMATE,0,0
0.05289615144207288,LEGITIMATE,0,0
0.05213545151879781,LEGITIMATE,0,0
0.08874128515148191,LEGITIMATE,0,0
0.10001308460120859,LEGITIMATE,0,0
0.19357867730145414,LEGITIMATE,0,0
0.04000538445739017,LEGITIMATE,0,0
0.07921333856967638,LEGITIMATE,0,0
0.16578429781270898,LEGITIMATE,0,0
0.1187608525258544,LEGITIMATE,0,0
0.08425587960018671,LEGITIMATE,0,0
0.06774540218705441,LEGITIMATE,1,0
0.0731505382593703,LEGITIMATE,0,0
0.14110232523809982,LEGITIMATE,0,0
0.12514741194987383,LEGITIMATE,0,0
0.05784438045885665,LEGITIMATE,0,0
0.11352851251093864,LEGITIMATE,0,0
0.09164827382335344,LEGITIMATE,0,0
0.05176439454799456,LEGITIMATE,0,0
0.08468017723914721,LEGITIMATE,0,0
0.04067397311437551,LEGITIMATE,0,0
0.06022467396408875,LEGITIMATE,0,0
0.16408066986427358,LEGITIMATE,0,0
0.09137571184316011,LEGITIMATE,0,0
0.06493691634831796,LEGITIMATE,0,0
0.10179704416955077,LEGITIMATE,0,0
0.04484592320026477,LEGITIMATE,0,0
0.12188789422893875,LEGITIMATE,0,0
0.11244397745404128,LEGITIMATE,0,0
0.21152457189539164,LEGITIMATE,0,0
0.12089661875470846,LEGITIMATE,0,0
0.07384318850664473,LEGITIMATE,0,0
0.11355083842497252,LEGITIMATE,0,0
0.06383716064278708,LEGITIMATE,0,0
0.14126553642624753,LEGITIMATE,0,0
0.04796838957149685,LEGITIMATE,0,0
0.08370070340342027,LEGITIMATE,0,0
0.057737950930723904,LEGITIMATE,0,0
0.10484736451265583,LEGITIMATE,0,0
0.09038465321182425,LEGITIMATE,0,0
0.04269424567160799,LEGITIMATE,0,0
0.1311945859095587,LEGITIMATE,0,0
0.09095880499279514,LEGITIMATE,0,0
0.07250928763608387,LEGITIMATE,0,0
0.07460015329646985,LEGITIMATE,0,0
0.06313313958983673,LEGITIMATE,0,0
0.07261905595570918,LEGITIMATE,0,0
0.12171837720087209,LEGITIMATE,0,0
0.09980443597338277,LEGITIMATE,0,0
0.04162267435743459,LEGITIMATE,0,0
0.09095671878068068,LEGITIMATE,0,0
0.06249422988343984,LEGITIMATE,0,0
0.08077602502941394,LEGITIMATE,0,0
0.11741951355111092,LEGITIMATE,0,0
0.11127389966038755,LEGITIMATE,0,0
0.0673867043399907,LEGITIMATE,0,0
0.15416705301065173,LEGITIMATE,0,0
0.0917461932597714,LEGITIMATE,0,0
0.04141377312121379,LEGITIMATE,0,0
0.05899378151790402,LEGITIMATE,0,0
0.10812710498475071,LEGITIMATE,0,0
0.05950558337921024,LEGITIMATE,0,0
0.0534280698472914,LEGITIMATE,0,0
0.0650700501262763,LEGITIMATE,0,0
0.037703647205253044,LEGITIMATE,0,0
0.07224740438473856,LEGITIMATE,0,0
0.08812851346974139,LEGITIMATE,0,0
0.07242656890174068,LEGITIMATE,0,0
0.13520217077993366,LEGITIMATE,0,0
0.06301866042864215,LEGITIMATE,0,0
0.0668316549742655,LEGITIMATE,0,0
0.06346718532546648,LEGITIMATE,0,0
0.11660103108787773,LEGITIMATE,0,0
0.11248969705523564,LEGITIMATE,0,0
0.10683814797959396,LEGITIMATE,0,0
0.051769350870491115,LEGITIMATE,0,0
0.028546862756505222,LEGITIMATE,0,0
0.07337417951295563,LEGITIMATE,0,0
0.19485104689530486,LEGITIMATE,0,0
0.07108352922234226,LEGITIMATE,0,0
0.04968602510447116,LEGITIMATE,0,0
0.024554893191406513,LEGITIMATE,0,0
0.06412983515461784,LEGITIMATE,0,0
0.07282708091682025,LEGITIMATE,0,0
0.0685540520533033,LEGITIMATE,0,0
0.10230977778576364,LEGITIMATE,0,0
0.05548718106916081,LEGITIMATE,0,0
0.04890851171026595,LEGITIMATE,0,0
0.15418097694495167,LEGITIMATE,0,0
0.16698640682960658,LEGITIMATE,0,0
0.12083878334453517,LEGITIMATE,0,0
0.1425773290488385,LEGITIMATE,0,0
0.039320428700120924,LEGITIMATE,0,0
0.05734994140739021,LEGITIMATE,0,0
0.10385884726473196,LEGITIMATE,0,0
0.061165235419986114,LEGITIMATE,0,0
0.08989604513634236,LEGITIMATE,0,0
0.12389076218183379,LEGITIMATE,0,0
0.061989364990635086,LEGITIMATE,0,0
0.08849157281901342,LEGITIMATE,0,0
0.07732710466018279,LEGITIMATE,0,0
0.15122189377855513,LEGITIMATE,0,0
0.12535236460212804,LEGITIMATE,0,0
0.1282039273066397,LEGITIMATE,0,0
0.07324132310104425,LEGITIMATE,0,0
0.14652093329606541,LEGITIMATE,0,0
0.21547320577171153,LEGITIMATE,0,0
0.07936742081015274,LEGITIMATE,0,0
0.13557872564650514,LEGITIMATE,0,0
0.0393583872658967,LEGITIMATE,0,0
0.10932283997985909,LEGITIMATE,0,0
0.05244790566393775,LEGITIMATE,0,0
0.15406269423737073,LEGITIMATE,0,0
0.14548670398671093,LEGITIMATE,0,0
0.04258278907212885,LEGITIMATE,0,0
0.09990580279682032,LEGITIMATE,0,0
0.029142563623501233,LEGITIMATE,0,0
0.13698796514023373,LEGITIMATE,0,0
0.07303495134024401,LEGITIMATE,0,0
0.14194220743720434,LEGITIMATE,0,0
0.18986077825229314,LEGITIMATE,0,0
0.07785540598914514,LEGITIMATE,0,0
0.15827367102873952,LEGITIMATE,0,0
0.10118025624489688,LEGITIMATE,0,0
0.048087099655375325,LEGITIMATE,0,0
0.06680513024175867,LEGITIMATE,0,0
0.08263868141938624,LEGITIMATE,0,0
0.05377738285160809,LEGITIMATE,0,0
0.09696147784560363,LEGITIMATE,0,0
0.20148305705866223,LEGITIMATE,0,0
0.10407842735033548,LEGITIMATE,0,0
0.026394689017500167,LEGITIMATE,0,0
0.06514503431913218,LEGITIMATE,0,0
0.10873389285138389,LEGITIMATE,0,0
0.045568725371393844,LEGITIMATE,0,0
0.05455163294596871,LEGITIMATE,0,0
0.0775441701218842,LEGITIMATE,0,0
0.12712158987611927,LEGITIMATE,0,0
0.031442373634182987,LEGITIMATE,0,0
0.09088578245238216,LEGITIMATE,0,0
0.10321151253023444,LEGITIMATE,0,0
0.06168613211711913,LEGITIMATE,0,0
0.09909713555745475,LEGITIMATE,0,0
0.09237854554589241,LEGITIMATE,0,0
0.1101281868466566,LEGITIMATE,0,0
0.07671222832292487,LEGITIMATE,0,0
0.06825421197531018,LEGITIMATE,0,0
0.04735223759924184,LEGITIMATE,0,0
0.06737729035966004,LEGITIMATE,0,0
0.06265504996532713,LEGITIMATE,0,0
0.08270140331544269,LEGITIMATE,0,0
0.13271560101055957,LEGITIMATE,0,0
0.1504760134514978,LEGITIMATE,0,0
0.09745754555539367,LEGITIMATE,0,0
0.09298560788480474,LEGITIMATE,0,0
0.16837260805955032,LEGITIMATE,0,0
0.07262101094485665,LEGITIMATE,0,0
0.11322374812340016,LEGITIMATE,0,0
0.20428728158645618,LEGITIMATE,0,0
0.12845667766222574,LEGITIMATE,0,0
0.10164770390205258,LEGITIMATE,0,0
0.08126094901315423,LEGITIMATE,0,0
0.041255034923748934,LEGITIMATE,0,0
0.16165253655652853,LEGITIMATE,0,0
0.05053024182166249,LEGITIMATE,0,0
0.057605131538353366,LEGITIMATE,0,0
0.1490287787536305,LEGITIMATE,0,0
0.18336994182064645,LEGITIMATE,0,0
0.10560343967640431,LEGITIMATE,0,0
0.12668003609217374,LEGITIMATE,0,0
0.14625638840518865,LEGITIMATE,0,0
0.12448350541656239,LEGITIMATE,0,0
0.06492750930002028,LEGITIMATE,0,0
0.08127526430260176,LEGITIMATE,0,0
0.03200968616868555,LEGITIMATE,0,0
0.08782960381877905,LEGITIMATE,0,0
0.06328238562836,LEGITIMATE,0,0
0.11936052404368164,LEGITIMATE,0,0
0.12160815704833003,LEGITIMATE,0,0
0.09095638066034525,LEGITIMATE,0,0
0.10164530932873468,LEGITIMATE,0,0
0.0588534352217592,LEGITIMATE,0,0
0.06790288695221675,LEGITIMATE,0,0
0.12829708801141634,LEGITIMATE,0,0
0.11555618043033374,LEGITIMATE,0,0
0.09984939165527641,LEGITIMATE,0,0
0.031182262141949118,LEGITIMATE,0,0
0.03642387320890806,LEGITIMATE,0,0
0.03489891376115863,LEGITIMATE,0,0
0.07985296738307125,LEGITIMATE,0,0
0.09370155549203016,LEGITIMATE,0,0
0.19393813965073656,LEGITIMATE,0,0
0.09215109057305132,LEGITIMATE,0,0
0.04794617631746646,LEGITIMATE,0,0
0.04192635249210893,LEGITIMATE,0,0
0.14328809171834192,LEGITIMATE,0,0
0.038837366181424596,LEGITIMATE,0,0
0.0841425776442141,LEGITIMATE,0,0
0.14694548792327575,LEGITIMATE,0,0
0.0790911482393189,LEGITIMATE,0,0
0.07609965053332746,LEGITIMATE,0,0
0.05159807632317793,LEGITIMATE,0,0
0.0531249428844974,LEGITIMATE,0,0
0.01630711978427881,LEGITIMATE,0,0
0.09216046257824607,LEGITIMATE,0,0
0.026097519620510653,LEGITIMATE,0,0
0.18613622680044434,LEGITIMATE,0,0
0.06697970272473394,LEGITIMATE,0,0
0.06804665864511485,LEGITIMATE,0,0
0.06418323115651642,LEGITIMATE,0,0
0.057211322920447734,LEGITIMATE,0,0
0.041877802094997585,LEGITIMATE,0,0
0.07071381442467338,LEGITIMATE,0,0
0.07394498508447725,LEGITIMATE,0,0
0.08427883245050037,LEGITIMATE,0,0
0.08816013429359941,LEGITIMATE,0,0
0.06137146943952063,LEGITIMATE,0,0
0.042971568808929106,LEGITIMATE,0,0
0.0320110785127803,LEGITIMATE,0,0
0.041032040323656094,LEGITIMATE,0,0
0.1366440077541646,LEGITIMATE,0,0
0.038824561063827964,LEGITIMATE,0,0
0.049494010615525705,LEGITIMATE,0,0
0.041741720777748396,LEGITIMATE,0,0
0.09535431177663964,LEGITIMATE,0,0
0.10259713209383925,LEGITIMATE,0,0
0.04783786490638189,LEGITIMATE,0,0
0.09234264143825395,LEGITIMATE,0,0
0.09934310519003475,LEGITIMATE,0,0
0.054147479001343146,LEGITIMATE,0,0
0.01682626112582201,LEGITIMATE,0,0
0.07377139935550088,LEGITIMATE,0,0
0.15849148757139842,LEGITIMATE,0,0
0.0620053978746919,LEGITIMATE,0,0
0.07047300307097193,LEGITIMATE,0,0
0.1484607116543772,LEGITIMATE,0,0
0.04649750790877658,LEGITIMATE,0,0
0.123231201668757,LEGITIMATE,0,0
0.09539223724535183,LEGITIMATE,0,0
0.10089447626877587,LEGITIMATE,0,0
0.08082417669929544,LEGITIMATE,0,0
0.11829386938211525,LEGITIMATE,0,0
0.0751324954927583,LEGITIMATE,0,0
0.13512109649148443,LEGITIMATE,0,0
0.02607855422330186,LEGITIMATE,0,0
0.06612231935505433,LEGITIMATE,0,0
0.030904548638708073,LEGITIMATE,0,0
0.10236961054015443,LEGITIMATE,0,0
0.2120616352288187,LEGITIMATE,0,0
0.11246609794770356,LEGITIMATE,0,0
0.032043385723472456,LEGITIMATE,0,0
0.09235263357791479,LEGITIMATE,0,0
0.10965082380817552,LEGITIMATE,0,0
0.1308035396546507,LEGITIMATE,0,0
0.09671671463144631,LEGITIMATE,0,0
0.09550976372766368,LEGITIMATE,0,0
0.1500644080118743,LEGITIMATE,0,0
0.11688023392380305,LEGITIMATE,0,0
0.17779608478356868,LEGITIMATE,0,0
0.09256532904181089,LEGITIMATE,0,0
0.04362683905932342,LEGITIMATE,0,0
0.019711391924778006,LEGITIMATE,0,0
0.07579962366347388,LEGITIMATE,0,0
0.037330184495620145,LEGITIMATE,0,0
0.08051437402843854,LEGITIMATE,0,0
0.08548645118739573,LEGITIMATE,0,0
0.10663075541139004,LEGITIMATE,0,0
0.07392015013598247,LEGITIMATE,0,0
0.12664047354835298,LEGITIMATE,0,0
0.08234872609561113,LEGITIMATE,0,0
0.09318010674677052,LEGITIMATE,0,0
0.03606353266516164,LEGITIMATE,0,0
0.02196839704042436,LEGITIMATE,0,0
0.0715607295053575,LEGITIMATE,0,0
0.09666478358449494,LEGITIMATE,0,0
0.1594043133673072,LEGITIMATE,0,0
0.1128052976515375,LEGITIMATE,0,0
0.07930108342544709,LEGITIMATE,0,0
0.1285865943733255,LEGITIMATE,0,0
0.08257843253015498,LEGITIMATE,0,0
0.09659744702239272,LEGITIMATE,0,0
0.07369255070289565,LEGITIMATE,0,0
0.03944930057548988,LEGITIMATE,0,0
0.07851143788812388,LEGITIMATE,0,0
0.056159875813812495,LEGITIMATE,0,0
0.1171677418465314,LEGITIMATE,0,0
0.09750733458608361,LEGITIMATE,0,0
0.09733134356988125,LEGITIMATE,1,0
0.18526497684276477,LEGITIMATE,0,0
0.08832285555198574,LEGITIMATE,0,0
0.0699705087399161,LEGITIMATE,0,0
0.11633861946415325,LEGITIMATE,0,0
0.045818977009257925,LEGITIMATE,0,0
0.0906417723260902,LEGITIMATE,0,0
0.0938188343948699,LEGITIMATE,0,0
0.11660493792942675,LEGITIMATE,0,0
0.10838976362319128,LEGITIMATE,0,0
0.1707474998006159,LEGITIMATE,0,0
0.05792012861387876,LEGITIMATE,0,0
0.029521464057999398,LEGITIMATE,0,0
0.08221828889462976,LEGITIMATE,0,0
0.045828066223010326,LEGITIMATE,0,0
0.12487019401199054,LEGITIMATE,0,0
0.10458164221965652,LEGITIMATE,0,0
0.03898897111076755,LEGITIMATE,0,0
0.037003521040562974,LEGITIMATE,0,0
0.08513976282551164,LEGITIMATE,0,0
0.06909270644588304,LEGITIMATE,0,0
0.0500139188869031,LEGITIMATE,0,0
0.17391687029823938,LEGITIMATE,0,0
0.09693484644769565,LEGITIMATE,0,0
0.09026136772147468,LEGITIMATE,0,0
0.11489176427542262,LEGITIMATE,0,0
0.015369234322511537,LEGITIMATE,0,0
0.05140699396428705,LEGITIMATE,0,0
0.07637325085293499,LEGITIMATE,0,0
0.10119638702223636,LEGITIMATE,0,0
0.07257600281817378,LEGITIMATE,0,0
0.07403260178417205,LEGITIMATE,0,0
0.09950381552641317,LEGITIMATE,0,0
0.03997501526464485,LEGITIMATE,0,0
0.20152786074719034,LEGITIMATE,0,0
0.08663784945078522,LEGITIMATE,0,0
0.19569374874467452,LEGITIMATE,0,0
0.06556596470289267,LEGITIMATE,0,0
0.11984195056528094,LEGITIMATE,0,0
0.11847875199921551,LEGITIMATE,0,0
0.03978043418511707,LEGITIMATE,0,0
0.1472085477830443,LEGITIMATE,0,0
0.039508875288098336,LEGITIMATE,0,0
0.07630905096845159,LEGITIMATE,0,0
0.07210645069823586,LEGITIMATE,0,0
0.0630700454639753,LEGITIMATE,0,0
0.18400970541144976,LEGITIMATE,0,0
0.08675689035510585,LEGITIMATE,0,0
0.09991936573388359,LEGITIMATE,0,0
0.10325118868333238,LEGITIMATE,0,0
0.1385678922725781,LEGITIMATE,0,0
0.17360289973753587,LEGITIMATE,0,0
0.07613469114945255,LEGITIMATE,0,0
0.09951882716843562,LEGITIMATE,0,0
0.08805729745058924,LEGITIMATE,0,0
0.09048277774294328,LEGITIMATE,0,0
0.10678672320514566,LEGITIMATE,0,0
0.05342920993507815,LEGITIMATE,0,0
0.08783671369622348,LEGITIMATE,0,0
0.031146225768265243,LEGITIMATE,0,0
0.11442228127683668,LEGITIMATE,0,0
0.07961279180658402,LEGITIMATE,0,0
0.16716067311617316,LEGITIMATE,0,0
0.0742583568783278,LEGITIMATE,0,0
0.12846470686595074,LEGITIMATE,0,0
0.07149196705687856,LEGITIMATE,0,0
0.09448909517333914,LEGITIMATE,0,0
0.07950439148599414,LEGITIMATE,0,0
0.05367361862731969,LEGITIMATE,0,0
0.08140460595904118,LEGITIMATE,0,0
0.08845203767350573,LEGITIMATE,0,0
0.10216518551070719,LEGITIMATE,0,0
0.127942374736444,LEGITIMATE,0,0
0.08137370730260093,LEGITIMATE,0,0
0.1359588573086574,LEGITIMATE,0,0
0.04955950496242311,LEGITIMATE,0,0
0.1180989276492913,LEGITIMATE,0,0
0.021560960915866036,LEGITIMATE,0,0
0.05000422859619977,LEGITIMATE,0,0
0.13632276399281482,LEGITIMATE,0,0
0.05240159805657778,LEGITIMATE,0,0
0.11181817041542301,LEGITIMATE,0,0
0.07884081440230341,LEGITIMATE,0,0
0.1539470269898326,LEGITIMATE,0,0
0.055420778498805154,LEGITIMATE,0,0
0.09205381437609284,LEGITIMATE,0,0
0.07828751765219057,LEGITIMATE,0,0
0.07982491883489841,LEGITIMATE,0,0
0.1184941195006658,LEGITIMATE,0,0
0.03716280930648427,LEGITIMATE,0,0
0.045719063101580124,LEGITIMATE,0,0
0.1123971530601824,LEGITIMATE,0,0
0.08960295938349892,LEGITIMATE,0,0
0.04668212589192078,LEGITIMATE,0,0
0.10280038246799242,LEGITIMATE,0,0
0.06801708731521885,LEGITIMATE,0,0
0.07427543704838145,LEGITIMATE,0,0
0.06964116892002502,LEGITIMATE,0,0
0.0638397184351869,LEGITIMATE,0,0
0.04307353183372577,LEGITIMATE,0,0
0.09181869732068512,LEGITIMATE,0,0
0.06469597075617568,LEGITIMATE,0,0
0.11651331266189976,LEGITIMATE,0,0
0.039430305219837626,LEGITIMATE,0,0
0.5913459540379684,MEDIUM RISK,1,0
0.10775104012680302,LEGITIMATE,0,0
0.019436545490242593,LEGITIMATE,0,0
0.0657432035044802,LEGITIMATE,0,0
0.126157233996166,LEGITIMATE,0,0
0.05907122270981676,LEGITIMATE,0,0
0.01723378077232492,LEGITIMATE,0,0
0.06887297945470144,LEGITIMATE,0,0
0.09350881322812696,LEGITIMATE,0,0
0.0822334501668814,LEGITIMATE,0,0
0.15403541233921472,LEGITIMATE,0,0
0.11211004543476137,LEGITIMATE,0,0
0.8157672364961885,HIGH RISK,1,1
0.047317177167377024,LEGITIMATE,0,0
0.1724237412766407,LEGITIMATE,0,0
0.13687443438099467,LEGITIMATE,0,0
0.10557424855484493,LEGITIMATE,0,0
0.10807949768365223,LEGITIMATE,0,0
0.10368671997577666,LEGITIMATE,0,0
0.06434353252743898,LEGITIMATE,0,0
0.13646749003984654,LEGITIMATE,0,0
0.043984770070295796,LEGITIMATE,0,0
0.12645864099915163,LEGITIMATE,0,0
0.09531061900813675,LEGITIMATE,0,0
0.04554257696349383,LEGITIMATE,0,0
0.11561691735742871,LEGITIMATE,0,0
0.1595848842965994,LEGITIMATE,0,0
0.08109804111936923,LEGITIMATE,0,0
0.10071509738620042,LEGITIMATE,0,0
0.14655950554862482,LEGITIMATE,0,0
0.09431868759429238,LEGITIMATE,0,0
0.11681001636976505,LEGITIMATE,0,0
0.06906203505706052,LEGITIMATE,0,0
0.07039864651979376,LEGITIMATE,0,0
0.06531655058471744,LEGITIMATE,0,0
0.16469026414973087,LEGITIMATE,0,0
0.15116512536575846,LEGITIMATE,0,0
0.1071292841255126,LEGITIMATE,0,0
0.07008736225620144,LEGITIMATE,0,0
0.06667051854299118,LEGITIMATE,0,0
0.07257817809502762,LEGITIMATE,0,0
0.05223026025930491,LEGITIMATE,0,0
0.12895355960883884,LEGITIMATE,0,0
0.09628358348207347,LEGITIMATE,0,0
0.10786241692351059,LEGITIMATE,0,0
0.15786513075235525,LEGITIMATE,0,0
0.025595019051295506,LEGITIMATE,0,0
0.05907638488694643,LEGITIMATE,0,0
0.06999592744104818,LEGITIMATE,0,0
0.02528025397161135,LEGITIMATE,0,0
0.0836091658039189,LEGITIMATE,0,0
0.07539307786761928,LEGITIMATE,0,0
0.08482028181947644,LEGITIMATE,0,0
0.07164522427602382,LEGITIMATE,0,0
0.12630130144371873,LEGITIMATE,0,0
0.035253782043410675,LEGITIMATE,0,0
0.022279799218056808,LEGITIMATE,0,0
0.086961420426882,LEGITIMATE,0,0
0.12552688608361143,LEGITIMATE,0,0
0.07144041684991051,LEGITIMATE,0,0
0.13912249025604298,LEGITIMATE,0,0
0.15184238979996953,LEGITIMATE,0,0
0.045059358201973605,LEGITIMATE,0,0
0.1806987339046511,LEGITIMATE,0,0
0.10614173114336714,LEGITIMATE,0,0
0.11839489117338138,LEGITIMATE,0,0
0.06323405680999758,LEGITIMATE,0,0
0.0857445982610848,LEGITIMATE,0,0
0.08050154991503154,LEGITIMATE,0,0
0.07045509004760879,LEGITIMATE,0,0
0.0728291956253043,LEGITIMATE,0,0
0.0697098877237855,LEGITIMATE,0,0
0.10042589608335435,LEGITIMATE,0,0
0.1874853987394818,LEGITIMATE,0,0
0.0230282836047462,LEGITIMATE,0,0
0.08047219490873203,LEGITIMATE,0,0
0.09304532944705939,LEGITIMATE,0,0
0.10115930179649947,LEGITIMATE,0,0
0.061414703934083645,LEGITIMATE,0,0
0.14324359926236988,LEGITIMATE,0,0
0.03499581572846149,LEGITIMATE,0,0
0.072929936368068,LEGITIMATE,0,0
0.1541852482640239,LEGITIMATE,0,0
0.08903024961373363,LEGITIMATE,0,0
0.11591287142052696,LEGITIMATE,0,0
0.08128033760966227,LEGITIMATE,0,0
0.061374156031612656,LEGITIMATE,0,0
0.09936853264976245,LEGITIMATE,0,0
0.15474737023440596,LEGITIMATE,0,0
0.04648941612569577,LEGITIMATE,0,0
0.07322617101175008,LEGITIMATE,0,0
0.04757539410854805,LEGITIMATE,0,0
0.06829306829504195,LEGITIMATE,0,0
0.04366609979540779,LEGITIMATE,0,0
0.1557070914080923,LEGITIMATE,0,0
0.14448625429823717,LEGITIMATE,0,0
0.03800478803070664,LEGITIMATE,0,0
0.15518339550524468,LEGITIMATE,0,0
0.08767586519863327,LEGITIMATE,0,0
0.16252604811924776,LEGITIMATE,0,0
0.14800027018692166,LEGITIMATE,0,0
0.143688969776882,LEGITIMATE,0,0
0.0955489461685247,LEGITIMATE,0,0
0.03990451455674337,LEGITIMATE,0,0
0.08214512562397182,LEGITIMATE,0,0
0.15829449935011108,LEGITIMATE,0,0
0.043262003976736664,LEGITIMATE,0,0
0.08211861354015902,LEGITIMATE,0,0
0.12033534426623164,LEGITIMATE,0,0
0.17805485900560816,LEGITIMATE,0,0
0.1249218512597163,LEGITIMATE,0,0
0.10323250848752946,LEGITIMATE,0,0
0.03580791606971608,LEGITIMATE,0,0
0.10143828732771408,LEGITIMATE,0,0
0.05880951518257255,LEGITIMATE,0,0
0.08556394162549943,LEGITIMATE,0,0
0.06256661852969117,LEGITIMATE,0,0
0.13161172099171686,LEGITIMATE,0,0
0.08816231762454688,LEGITIMATE,0,0
0.08224648580226593,LEGITIMATE,0,0
0.11496886438338216,LEGITIMATE,0,0
0.09947776265851745,LEGITIMATE,0,0
0.16530386033266384,LEGITIMATE,0,0
0.0795164054352608,LEGITIMATE,0,0
0.08052164052351227,LEGITIMATE,0,0
0.09053321306707088,LEGITIMATE,0,0
0.08578468933515479,LEGITIMATE,0,0
0.08838505232415843,LEGITIMATE,0,0
0.057874493062038554,LEGITIMATE,0,0
0.05156030093985303,LEGITIMATE,0,0
0.07250767288163648,LEGITIMATE,0,0
0.02076359413071021,LEGITIMATE,0,0
0.04179610872764563,LEGITIMATE,0,0
0.09183281503669477,LEGITIMATE,0,0
0.08967316209603632,LEGITIMATE,0,0
0.18762951987385798,LEGITIMATE,0,0
0.08918701127387611,LEGITIMATE,0,0
0.089575353139859,LEGITIMATE,0,0
0.05491944739867894,LEGITIMATE,0,0
0.059046586830553055,LEGITIMATE,0,0
0.1681214474439607,LEGITIMATE,0,0
0.06211414121934699,LEGITIMATE,0,0
0.13404202866677314,LEGITIMATE,0,0
0.08155958197390273,LEGITIMATE,0,0
0.2546867990051873,LEGITIMATE,0,0
0.11577844033375793,LEGITIMATE,0,0
0.053221784414687695,LEGITIMATE,0,0
0.13379958221808544,LEGITIMATE,0,0
0.12730964178042026,LEGITIMATE,0,0
0.09354548422733007,LEGITIMATE,0,0
0.06670219082599006,LEGITIMATE,0,0
0.05169199786466524,LEGITIMATE,0,0
0.04324657720329659,LEGITIMATE,0,0
0.09799295225406375,LEGITIMATE,0,0
0.11268269465616325,LEGITIMATE,0,0
0.12685407946327548,LEGITIMATE,0,0
0.07143580271091415,LEGITIMATE,0,0
0.11835843700781172,LEGITIMATE,0,0
0.07067932895464846,LEGITIMATE,0,0
0.1066451163169615,LEGITIMATE,0,0
0.04924730168762227,LEGITIMATE,0,0
0.06298303493767234,LEGITIMATE,0,0
0.05828338903034473,LEGITIMATE,0,0
0.0631736472355617,LEGITIMATE,0,0
0.1240674744556809,LEGITIMATE,0,0
0.0880994584854549,LEGITIMATE,0,0
0.12410055038730722,LEGITIMATE,0,0
0.06023186387169562,LEGITIMATE,0,0
0.19694780798445716,LEGITIMATE,0,0
0.024383772714620285,LEGITIMATE,0,0
0.0771419642019409,LEGITIMATE,0,0
0.10620709080927604,LEGITIMATE,0,0
0.04306076248805654,LEGITIMATE,0,0
0.039981522204730335,LEGITIMATE,0,0
0.05927171208374184,LEGITIMATE,0,0
0.11531553792273087,LEGITIMATE,0,0
0.09435721368922469,LEGITIMATE,0,0
0.07629809439427414,LEGITIMATE,0,0
0.06990368503683746,LEGITIMATE,0,0
0.12927534738419116,LEGITIMATE,0,0
0.8968300275620803,HIGH RISK,1,1
0.10392264241569979,LEGITIMATE,0,0
0.049280007036113606,LEGITIMATE,0,0
0.04227287136887899,LEGITIMATE,0,0
0.0682305959560313,LEGITIMATE,0,0
0.06407365931758777,LEGITIMATE,0,0
0.08578586206185776,LEGITIMATE,0,0
0.08120017873471169,LEGITIMATE,0,0
0.18070013439943777,LEGITIMATE,0,0
0.09262491199732378,LEGITIMATE,0,0
0.8489547133248948,HIGH RISK,1,1
0.11212933917417743,LEGITIMATE,0,0
0.09063236369300998,LEGITIMATE,0,0
0.07840806530861186,LEGITIMATE,0,0
0.09777206041911038,LEGITIMATE,0,0
0.04065884322991805,LEGITIMATE,0,0
0.03790475068366161,LEGITIMATE,0,0
0.11110060916263688,LEGITIMATE,0,0
0.09233911938910797,LEGITIMATE,0,0
0.11058071832306574,LEGITIMATE,0,0
0.07794101770048381,LEGITIMATE,0,0
0.10586269467235279,LEGITIMATE,0,0
0.06646576849131684,LEGITIMATE,0,0
0.05353355491829333,LEGITIMATE,0,0
0.08873714594647875,LEGITIMATE,0,0
0.051364840974983235,LEGITIMATE,0,0
0.08311560884867415,LEGITIMATE,0,0
0.05116749236916906,LEGITIMATE,0,0
0.14243666257880053,LEGITIMATE,0,0
0.08763345231799842,LEGITIMATE,0,0
0.0725792334730692,LEGITIMATE,0,0
0.0776187057372645,LEGITIMATE,0,0
0.18105189959387788,LEGITIMATE,0,0
0.16037538929104317,LEGITIMATE,0,0
0.03522354376156652,LEGITIMATE,0,0
0.11185890322121807,LEGITIMATE,0,0
0.040000453349906075,LEGITIMATE,0,0
0.0793836788006413,LEGITIMATE,0,0
0.011502935657360313,LEGITIMATE,0,0
0.12025600389170633,LEGITIMATE,0,0
0.14191448464863204,LEGITIMATE,0,0
0.06551035295917122,LEGITIMATE,0,0
0.1458313573736629,LEGITIMATE,0,0
0.048912625760905194,LEGITIMATE,0,0
0.17123779028985878,LEGITIMATE,0,0
0.07215917996483534,LEGITIMATE,0,0
0.050359625959772794,LEGITIMATE,0,0
0.0730346465037263,LEGITIMATE,0,0
0.2194122219483762,LEGITIMATE,0,0
0.047617769036680836,LEGITIMATE,0,0
0.011523448767619265,LEGITIMATE,0,0
0.02622454667044654,LEGITIMATE,0,0
0.036025081958498135,LEGITIMATE,0,0
0.0827683074472809,LEGITIMATE,0,0
0.08612488289833325,LEGITIMATE,0,0
0.08985148360537205,LEGITIMATE,0,0
0.10305769879353935,LEGITIMATE,0,0
0.09435983371533709,LEGITIMATE,0,0
0.08320451612783626,LEGITIMATE,0,0
0.058757780478317645,LEGITIMATE,0,0
0.046677203434314266,LEGITIMATE,0,0
0.14088704590807752,LEGITIMATE,0,0
0.07773523595010666,LEGITIMATE,0,0
0.17803021348528233,LEGITIMATE,0,0
0.1114206409280089,LEGITIMATE,0,0
0.052561475026872154,LEGITIMATE,0,0
0.07427665453182945,LEGITIMATE,0,0
0.06028060119893421,LEGITIMATE,0,0
0.08724026219256922,LEGITIMATE,0,0
0.043888876684264014,LEGITIMATE,0,0
0.14183774232345087,LEGITIMATE,0,0
0.12078018751629258,LEGITIMATE,0,0
0.024886339085876702,LEGITIMATE,0,0
0.0431361762503856,LEGITIMATE,0,0
0.10215834733958551,LEGITIMATE,0,0
0.057001412323101526,LEGITIMATE,0,0
0.050429294439073596,LEGITIMATE,0,0
0.11143651511437379,LEGITIMATE,0,0
0.15686129665172685,LEGITIMATE,0,0
0.16020879586009187,LEGITIMATE,0,0
0.08091595578581309,LEGITIMATE,0,0
0.18855083999742217,LEGITIMATE,0,0
0.14250166254853663,LEGITIMATE,0,0
0.08503454867783963,LEGITIMATE,0,0
0.047317918960171526,LEGITIMATE,0,0
0.10900332480287811,LEGITIMATE,0,0
0.12321774810399434,LEGITIMATE,0,0
0.08625509038548752,LEGITIMATE,0,0
0.14469345415519516,LEGITIMATE,0,0
0.06579930169477531,LEGITIMATE,0,0
0.0922940955925666,LEGITIMATE,0,0
0.0781140817752952,LEGITIMATE,0,0
0.07065981535927374,LEGITIMATE,0,0
0.10103978761593958,LEGITIMATE,0,0
0.11291359146305698,LEGITIMATE,0,0
0.11954187548679973,LEGITIMATE,0,0
0.0964999094623999,LEGITIMATE,0,0
0.06595712940059967,LEGITIMATE,0,0
0.041075106313944995,LEGITIMATE,0,0
0.11267297983220118,LEGITIMATE,0,0
0.022969955709892582,LEGITIMATE,0,0
0.046697878605344405,LEGITIMATE,0,0
0.14428825634078737,LEGITIMATE,0,0
0.1850760224588101,LEGITIMATE,0,0
0.06973804833134899,LEGITIMATE,0,0
0.15013511999530105,LEGITIMATE,0,0
0.0967946671826173,LEGITIMATE,0,0
0.09426503696092958,LEGITIMATE,0,0
0.2086490146769178,LEGITIMATE,0,0
0.12291128064303372,LEGITIMATE,0,0
0.06965124562339316,LEGITIMATE,0,0
0.15510314296784514,LEGITIMATE,0,0
0.09719031860111788,LEGITIMATE,0,0
0.11600510238015388,LEGITIMATE,0,0
0.044744003715241815,LEGITIMATE,0,0
0.07702113812445868,LEGITIMATE,0,0
0.05201396998078648,LEGITIMATE,0,0
0.03566217695110863,LEGITIMATE,0,0
0.09918186203036405,LEGITIMATE,0,0
0.057295499331860414,LEGITIMATE,0,0
0.045660854117818776,LEGITIMATE,0,0
0.04551675444976833,LEGITIMATE,0,0
0.06454734571175115,LEGITIMATE,0,0
0.08843929461112973,LEGITIMATE,0,0
0.09288730952701404,LEGITIMATE,0,0
0.08642133816025321,LEGITIMATE,0,0
0.2053125200064599,LEGITIMATE,0,0
0.14975295020324889,LEGITIMATE,0,0
0.12076298399739051,LEGITIMATE,0,0
0.08391344704574513,LEGITIMATE,0,0
0.023746035262218412,LEGITIMATE,0,0
0.09500756891466716,LEGITIMATE,0,0
0.06738329528483027,LEGITIMATE,0,0
0.021086076876127402,LEGITIMATE,0,0
0.049747364036151494,LEGITIMATE,0,0
0.08587743892534849,LEGITIMATE,0,0
0.07974005812161479,LEGITIMATE,0,0
0.030338142048423687,LEGITIMATE,0,0
0.08479110884620694,LEGITIMATE,0,0
0.119552751894429,LEGITIMATE,0,0
0.06845871702664168,LEGITIMATE,0,0
0.16511716819774414,LEGITIMATE,0,0
0.10703006625224308,LEGITIMATE,0,0
0.1624095207399647,LEGITIMATE,0,0
0.08780127057568206,LEGITIMATE,0,0
0.044739230087226696,LEGITIMATE,0,0
0.07883675394351161,LEGITIMATE,0,0
0.12613977296336654,LEGITIMATE,0,0
0.12690969574333066,LEGITIMATE,0,0
0.07739059869919264,LEGITIMATE,0,0
0.05688206325255044,LEGITIMATE,0,0
0.08486985194832006,LEGITIMATE,0,0
0.02505955686446142,LEGITIMATE,0,0
0.06897325129825613,LEGITIMATE,0,0
0.3994441583895747,WATCH LIST,0,0
0.08002709799832669,LEGITIMATE,0,0
0.11652522650963895,LEGITIMATE,0,0
0.1626078861463121,LEGITIMATE,0,0
0.12229099126966934,LEGITIMATE,0,0
0.12685147223138932,LEGITIMATE,0,0
0.09931005740316036,LEGITIMATE,0,0
0.015660377504560136,LEGITIMATE,0,0
0.051625203804643485,LEGITIMATE,0,0
0.08471270314171973,LEGITIMATE,0,0
0.05495163155685316,LEGITIMATE,0,0
0.03899042140571902,LEGITIMATE,0,0
0.10210565310671366,LEGITIMATE,0,0
0.10264987303337862,LEGITIMATE,0,0
0.05602315082029507,LEGITIMATE,0,0
0.060103326603563004,LEGITIMATE,0,0
0.13450859535048665,LEGITIMATE,0,0
0.11969718033081221,LEGITIMATE,0,0
0.029485711721366048,LEGITIMATE,0,0
0.1255644565570988,LEGITIMATE,0,0
0.04819057396755886,LEGITIMATE,0,0
0.1870159219991779,LEGITIMATE,0,0
0.11969027538718018,LEGITIMATE,0,0
0.09189639261116943,LEGITIMATE,0,0
0.17204945658506152,LEGITIMATE,0,0
0.17626279091561814,LEGITIMATE,0,0
0.06878623707621949,LEGITIMATE,0,0
0.06711343630516997,LEGITIMATE,0,0
0.08719813550259077,LEGITIMATE,0,0
0.05871394683070956,LEGITIMATE,0,0
0.022367604941404606,LEGITIMATE,0,0
0.048903707214267164,LEGITIMATE,0,0
0.12894607656514231,LEGITIMATE,0,0
0.024109060871363615,LEGITIMATE,0,0
0.10496715541962509,LEGITIMATE,0,0
0.10040076835908456,LEGITIMATE,0,0
0.047520308272779206,LEGITIMATE,0,0
0.08753914773573085,LEGITIMATE,0,0
0.02340149616872386,LEGITIMATE,0,0
0.05202427618229229,LEGITIMATE,0,0
0.058709080948030457,LEGITIMATE,0,0
0.11828907999458146,LEGITIMATE,0,0
0.06796317992720106,LEGITIMATE,0,0
0.1687757761629405,LEGITIMATE,0,0
0.1737891311121531,LEGITIMATE,0,0
0.0636932141951764,LEGITIMATE,0,0
0.0722514122726915,LEGITIMATE,0,0
0.11490304568325856,LEGITIMATE,0,0
0.018764223425689626,LEGITIMATE,0,0
0.14248293656360064,LEGITIMATE,0,0
0.027070771970253885,LEGITIMATE,0,0
0.16273492710101564,LEGITIMATE,0,0
0.09980611127443004,LEGITIMATE,0,0
0.11786926047957035,LEGITIMATE,0,0
0.08558499438670018,LEGITIMATE,0,0
0.07930871101673342,LEGITIMATE,0,0
0.17577487064285352,LEGITIMATE,0,0
0.13625679047766767,LEGITIMATE,0,0
0.13972679330344653,LEGITIMATE,0,0
0.05823595653709471,LEGITIMATE,0,0
0.07216568950716859,LEGITIMATE,0,0
0.023408512366960118,LEGITIMATE,0,0
0.0588930146001398,LEGITIMATE,0,0
0.18408024681221,LEGITIMATE,0,0
0.04797820647810622,LEGITIMATE,0,0
0.05927173117994343,LEGITIMATE,0,0
0.05627951808603872,LEGITIMATE,0,0
0.044752975096980376,LEGITIMATE,0,0
0.08679121551305385,LEGITIMATE,0,0
0.07972319413262469,LEGITIMATE,0,0
0.09636453107735476,LEGITIMATE,0,0
0.12911390188813102,LEGITIMATE,0,0
0.06357279942739912,LEGITIMATE,0,0
0.04122936644093279,LEGITIMATE,0,0
0.11627541232734241,LEGITIMATE,0,0
0.04646969379103483,LEGITIMATE,0,0
0.041771210474900976,LEGITIMATE,0,0
0.059806368889538365,LEGITIMATE,0,0
0.15311608092592963,LEGITIMATE,0,0
0.09569609798294135,LEGITIMATE,0,0
0.07149447539842259,LEGITIMATE,0,0
0.041140521938925985,LEGITIMATE,0,0
0.060335836823866645,LEGITIMATE,0,0
0.1309255675461385,LEGITIMATE,0,0
0.06289359535795389,LEGITIMATE,0,0
0.0887253250424166,LEGITIMATE,0,0
0.0643868533962699,LEGITIMATE,0,0
0.11098092390491363,LEGITIMATE,0,0
0.05690112288139762,LEGITIMATE,0,0
0.01544036112251649,LEGITIMATE,0,0
0.13203826838242097,LEGITIMATE,0,0
0.06665564843256264,LEGITIMATE,0,0
0.1272838439651013,LEGITIMATE,0,0
0.15129140853431497,LEGITIMATE,0,0
0.15575663749972005,LEGITIMATE,0,0
0.09232489235106606,LEGITIMATE,0,0
0.08053640068650098,LEGITIMATE,0,0
0.10296383501644277,LEGITIMATE,0,0
0.11738352588448538,LEGITIMATE,0,0
0.07773744189167407,LEGITIMATE,0,0
0.08427866902145244,LEGITIMATE,0,0
0.03630857538317035,LEGITIMATE,0,0
0.1320401306956568,LEGITIMATE,0,0
0.06020151282971391,LEGITIMATE,0,0
0.15681864911299545,LEGITIMATE,0,0
0.08960785392342502,LEGITIMATE,0,0
0.060605389255210036,LEGITIMATE,0,0
0.08105796125897348,LEGITIMATE,0,0
0.15167521118888075,LEGITIMATE,0,0
0.1723898190845076,LEGITIMATE,0,0
0.023760151135402526,LEGITIMATE,0,0
0.1093089561669363,LEGITIMATE,0,0
0.07472993560736604,LEGITIMATE,0,0
0.0011201182386621174,LEGITIMATE,0,0
0.05181038734506674,LEGITIMATE,0,0
0.044912872895213715,LEGITIMATE,0,0
0.05948613631591711,LEGITIMATE,0,0
0.06506270217860946,LEGITIMATE,0,0
0.07151519260416903,LEGITIMATE,0,0
0.07081679996487424,LEGITIMATE,1,0
0.09711909921613653,LEGITIMATE,0,0
0.07419649861406599,LEGITIMATE,0,0
0.04353742082343603,LEGITIMATE,0,0
0.06832220526104349,LEGITIMATE,0,0
0.08962188061754996,LEGITIMATE,0,0
0.17131740698922301,LEGITIMATE,0,0
0.10173865030735738,LEGITIMATE,0,0
0.06529161243130124,LEGITIMATE,0,0
0.04517334935082935,LEGITIMATE,0,0
0.08308796312879871,LEGITIMATE,0,0
0.08558290393947438,LEGITIMATE,0,0
0.15230106497702198,LEGITIMATE,0,0
0.09165103170806567,LEGITIMATE,0,0
0.12080787822944275,LEGITIMATE,0,0
0.11101541232043902,LEGITIMATE,0,0
0.09751238999792138,LEGITIMATE,0,0
0.123472214879816,LEGITIMATE,0,0
0.042745557280925515,LEGITIMATE,0,0
0.07472520651978634,LEGITIMATE,0,0
0.13712868922118068,LEGITIMATE,0,0
0.2098117176977359,LEGITIMATE,0,0
0.0835051783737264,LEGITIMATE,0,0
0.14780563403397265,LEGITIMATE,0,0
0.17801225966268727,LEGITIMATE,0,0
0.1255863221523652,LEGITIMATE,0,0
0.16877834490365423,LEGITIMATE,0,0
0.07546097626968193,LEGITIMATE,0,0
0.851640034532141,HIGH RISK,1,1
0.05582923401468035,LEGITIMATE,0,0
0.02268839160113674,LEGITIMATE,0,0
0.18385816464873866,LEGITIMATE,0,0
0.08484211340037415,LEGITIMATE,0,0
0.03374819783171885,LEGITIMATE,0,0
0.11723255157458105,LEGITIMATE,0,0
0.1109669255896852,LEGITIMATE,0,0
0.11022911668759611,LEGITIMATE,0,0
0.064449053931914,LEGITIMATE,0,0
0.14485722020775235,LEGITIMATE,0,0
0.043986872558233886,LEGITIMATE,0,0
0.017760280706869514,LEGITIMATE,0,0
0.1302942888738246,LEGITIMATE,0,0
0.13049562449287036,LEGITIMATE,0,0
0.06071355893202811,LEGITIMATE,0,0
0.05684983030372566,LEGITIMATE,0,0
0.046555774005105556,LEGITIMATE,0,0
0.0900350532490084,LEGITIMATE,0,0
